"event_id","module_color"
"34273","turquoise"
"34253","turquoise"
"51948","turquoise"
"28236","turquoise"
"19109","turquoise"
"11276","turquoise"
"33502","turquoise"
"16237","turquoise"
"24664","turquoise"
"32195","turquoise"
"33857","turquoise"
"28340","turquoise"
"6591","turquoise"
"19597","turquoise"
"29908","turquoise"
"23711","turquoise"
"21629","turquoise"
"9923","turquoise"
"9159","turquoise"
"30701","turquoise"
"54165","turquoise"
"34462","turquoise"
"5557","turquoise"
"27234","brown"
"53186","turquoise"
"45394","turquoise"
"53671","turquoise"
"48493","turquoise"
"40305","brown"
"49300","brown"
"50479","brown"
"43635","turquoise"
"39167","turquoise"
"32037","turquoise"
"39274","turquoise"
"19213","turquoise"
"45516","turquoise"
"16722","yellow"
"9230","brown"
"8787","yellow"
"121","turquoise"
"43240","turquoise"
"21907","yellow"
"10710","turquoise"
"52417","yellow"
"33301","yellow"
"39902","turquoise"
"4807","turquoise"
"6932","brown"
"6244","brown"
"3070","turquoise"
"10528","turquoise"
"31482","brown"
"33177","turquoise"
"24753","yellow"
"43032","yellow"
"53438","brown"
"34558","yellow"
"20426","yellow"
"21029","turquoise"
"29621","brown"
"45587","brown"
"35870","turquoise"
"12370","brown"
"6488","brown"
"37532","brown"
"18966","brown"
"51289","brown"
"43113","yellow"
"30574","turquoise"
"50642","turquoise"
"46782","brown"
"18475","brown"
"28462","brown"
"46687","yellow"
"28172","turquoise"
"40907","brown"
"12279","yellow"
"26160","yellow"
"3556","yellow"
"9068","brown"
"37069","brown"
"34266","yellow"
"5494","brown"
"35935","brown"
"10991","brown"
"20091","yellow"
"5973","yellow"
"2248","turquoise"
"14072","yellow"
"9661","yellow"
"39406","turquoise"
"35421","turquoise"
"33535","turquoise"
"16915","brown"
"1687","brown"
"2200","yellow"
"48085","yellow"
"29383","yellow"
"6266","yellow"
"12176","yellow"
"53626","turquoise"
"54819","brown"
"9399","brown"
"28068","brown"
"6975","brown"
"22746","yellow"
"18868","yellow"
"33345","yellow"
"1520","brown"
"32102","yellow"
"54097","turquoise"
"24066","yellow"
"52661","yellow"
"29911","yellow"
"46595","yellow"
"6738","brown"
"18901","yellow"
"34112","yellow"
"54168","yellow"
"36607","yellow"
"47958","yellow"
"46026","turquoise"
"22497","brown"
"43891","brown"
"16129","yellow"
"29140","brown"
"45097","yellow"
"50748","brown"
"36578","turquoise"
"16681","brown"
"11399","turquoise"
"13804","yellow"
"37005","turquoise"
"25200","brown"
"45134","brown"
"23545","yellow"
"44280","yellow"
"51102","brown"
"17023","turquoise"
"20561","yellow"
"53286","yellow"
"8174","brown"
"24161","brown"
"1049","yellow"
"25355","brown"
"40786","yellow"
"45646","yellow"
"28370","yellow"
"27512","brown"
"44353","brown"
"45453","yellow"
"41341","brown"
"39212","yellow"
"44678","yellow"
"6599","brown"
"55165","yellow"
"35151","brown"
"12649","yellow"
"35487","brown"
"52017","brown"
"39606","yellow"
"19874","yellow"
"55641","yellow"
"52862","yellow"
"5895","brown"
"2512","yellow"
"7939","yellow"
"55726","brown"
"30456","yellow"
"6851","yellow"
"11659","yellow"
"44542","brown"
"36126","yellow"
"3010","yellow"
"19165","yellow"
"31923","brown"
"18518","brown"
"40638","brown"
"9088","yellow"
"9863","yellow"
"44476","yellow"
"33832","yellow"
"36268","yellow"
"40270","brown"
"1686","brown"
"13468","brown"
"7056","brown"
"39683","yellow"
"34997","yellow"
"49672","yellow"
"24241","brown"
"38859","brown"
"18315","brown"
"37796","yellow"
"46540","yellow"
"36239","brown"
"51124","yellow"
"26767","yellow"
"36905","brown"
"46626","yellow"
"26154","yellow"
"42273","yellow"
"55204","yellow"
"38380","yellow"
"55846","brown"
"41765","yellow"
"53114","brown"
"3654","yellow"
"55673","yellow"
"39807","yellow"
"50684","yellow"
"46630","yellow"
"883","brown"
"25128","yellow"
"19159","brown"
"53809","turquoise"
"5722","brown"
"5758","brown"
"28349","brown"
"5113","brown"
"55940","brown"
"30135","yellow"
"3175","brown"
"84","yellow"
"423","brown"
"30290","brown"
"7135","yellow"
"31325","yellow"
"47584","yellow"
"1994","yellow"
"36185","brown"
"51107","yellow"
"2809","yellow"
"28746","yellow"
"45872","yellow"
"12909","turquoise"
"49152","brown"
"41564","brown"
"9747","yellow"
"38255","yellow"
"23898","yellow"
"8836","brown"
"47892","yellow"
"25906","yellow"
"21837","yellow"
"36787","brown"
"17494","yellow"
"11736","yellow"
"6937","brown"
"23882","yellow"
"27860","brown"
"44840","yellow"
"24684","yellow"
"25873","yellow"
"21548","yellow"
"10412","yellow"
"38699","yellow"
"29109","yellow"
"11554","brown"
"48248","brown"
"24842","yellow"
"42122","brown"
"18343","yellow"
"7825","brown"
"31828","brown"
"17955","yellow"
"17195","yellow"
"50851","brown"
"39933","yellow"
"534","yellow"
"41691","yellow"
"44831","yellow"
"45684","brown"
"39487","yellow"
"27783","yellow"
"50152","brown"
"27566","brown"
"23264","brown"
"54991","brown"
"13034","brown"
"654","brown"
"12059","brown"
"40720","brown"
"49041","brown"
"3090","yellow"
"49232","blue"
"11677","yellow"
"22560","yellow"
"9156","brown"
"50491","brown"
"1219","yellow"
"14249","brown"
"32620","brown"
"32116","brown"
"39193","yellow"
"31590","yellow"
"35253","brown"
"19582","yellow"
"52682","brown"
"47420","yellow"
"19388","yellow"
"14954","yellow"
"33246","yellow"
"17980","yellow"
"44923","yellow"
"41673","yellow"
"19838","yellow"
"51828","brown"
"49535","brown"
"30216","brown"
"30088","yellow"
"34797","yellow"
"44497","yellow"
"1354","yellow"
"38045","brown"
"36720","yellow"
"49644","brown"
"5702","brown"
"18654","yellow"
"36584","brown"
"26438","yellow"
"16196","yellow"
"8162","brown"
"31573","yellow"
"20007","yellow"
"48885","yellow"
"27887","yellow"
"4153","yellow"
"36053","yellow"
"14356","brown"
"39570","yellow"
"10825","brown"
"41022","yellow"
"49134","yellow"
"21094","yellow"
"7659","brown"
"23271","brown"
"2505","brown"
"12019","brown"
"13012","yellow"
"18644","brown"
"20010","yellow"
"7990","brown"
"26616","yellow"
"5118","yellow"
"23595","yellow"
"43280","yellow"
"31412","yellow"
"50154","yellow"
"3991","brown"
"43936","yellow"
"27465","yellow"
"44389","brown"
"13091","brown"
"43070","yellow"
"45191","yellow"
"46545","brown"
"51475","brown"
"52059","yellow"
"42640","brown"
"13945","brown"
"29973","yellow"
"7386","yellow"
"319","yellow"
"16526","yellow"
"51045","brown"
"26673","brown"
"54456","brown"
"55962","yellow"
"32353","brown"
"20590","yellow"
"9164","yellow"
"4162","brown"
"13170","yellow"
"7689","yellow"
"12805","yellow"
"43379","brown"
"33917","brown"
"11268","yellow"
"18737","yellow"
"46945","brown"
"22959","yellow"
"19141","brown"
"44028","brown"
"43394","brown"
"20229","brown"
"46618","brown"
"19149","yellow"
"13598","yellow"
"49692","brown"
"20754","brown"
"4670","yellow"
"17389","brown"
"37945","brown"
"25267","yellow"
"38479","yellow"
"1073","brown"
"17560","yellow"
"12293","brown"
"46294","turquoise"
"22092","yellow"
"11224","yellow"
"47819","brown"
"52280","brown"
"45967","brown"
"46662","brown"
"19860","brown"
"20516","yellow"
"29012","yellow"
"23768","yellow"
"8504","brown"
"33330","brown"
"40269","yellow"
"37044","yellow"
"13919","yellow"
"40657","brown"
"45454","brown"
"7156","brown"
"53886","brown"
"7813","yellow"
"15870","yellow"
"8729","yellow"
"33794","brown"
"22528","brown"
"1425","brown"
"54527","brown"
"28968","yellow"
"50897","yellow"
"50473","brown"
"21595","yellow"
"4611","yellow"
"33575","yellow"
"21307","yellow"
"3269","brown"
"28940","yellow"
"4647","yellow"
"34849","yellow"
"48486","turquoise"
"19590","yellow"
"23682","brown"
"3051","brown"
"6731","brown"
"37886","yellow"
"12942","yellow"
"29003","yellow"
"46923","yellow"
"45788","brown"
"37526","brown"
"41284","brown"
"17956","yellow"
"11256","brown"
"22234","yellow"
"19935","brown"
"26832","turquoise"
"53665","brown"
"41989","yellow"
"19993","brown"
"9813","yellow"
"9418","yellow"
"45569","yellow"
"40179","brown"
"33672","brown"
"39792","brown"
"52829","yellow"
"48608","brown"
"41295","brown"
"11454","brown"
"11590","brown"
"50403","brown"
"30506","brown"
"31218","brown"
"15360","brown"
"53724","brown"
"26363","brown"
"52747","brown"
"18538","brown"
"17734","yellow"
"33520","yellow"
"3539","brown"
"22088","yellow"
"33851","brown"
"49464","yellow"
"36645","yellow"
"27725","yellow"
"45116","yellow"
"32615","brown"
"52812","yellow"
"55211","brown"
"18162","brown"
"3674","brown"
"231","brown"
"26746","yellow"
"6546","yellow"
"32077","yellow"
"25561","brown"
"13666","brown"
"7776","brown"
"19611","brown"
"29007","brown"
"29324","brown"
"24686","yellow"
"34634","brown"
"44036","brown"
"39741","yellow"
"31784","yellow"
"5812","brown"
"11178","yellow"
"5587","brown"
"45871","brown"
"40620","brown"
"50306","yellow"
"32829","turquoise"
"22488","yellow"
"34903","yellow"
"6888","brown"
"35398","yellow"
"50308","yellow"
"34959","brown"
"25415","yellow"
"13648","yellow"
"23878","yellow"
"45053","brown"
"27396","yellow"
"50055","brown"
"3993","yellow"
"47292","yellow"
"36968","yellow"
"15368","brown"
"43769","yellow"
"50339","brown"
"21779","yellow"
"47706","yellow"
"52189","brown"
"11702","brown"
"12794","yellow"
"12228","brown"
"48870","brown"
"50604","turquoise"
"34577","yellow"
"19401","brown"
"29955","yellow"
"986","yellow"
"21174","yellow"
"55449","yellow"
"37577","yellow"
"8344","yellow"
"35730","yellow"
"11818","yellow"
"26257","brown"
"32405","yellow"
"49020","brown"
"46137","yellow"
"20937","yellow"
"33222","brown"
"47779","brown"
"55445","yellow"
"52310","yellow"
"31217","brown"
"32723","brown"
"48317","yellow"
"29629","brown"
"33303","turquoise"
"49327","brown"
"9954","brown"
"49704","yellow"
"6668","brown"
"45264","brown"
"24402","yellow"
"2614","yellow"
"9838","brown"
"52423","brown"
"28056","brown"
"37343","yellow"
"54232","brown"
"9777","yellow"
"28434","yellow"
"18756","brown"
"15004","brown"
"5346","brown"
"7763","yellow"
"26464","yellow"
"11694","yellow"
"481","yellow"
"52841","brown"
"53420","yellow"
"13154","brown"
"37700","brown"
"30827","blue"
"26796","brown"
"243","brown"
"22326","yellow"
"48719","brown"
"34303","brown"
"16100","brown"
"33099","yellow"
"17670","brown"
"54398","yellow"
"23607","yellow"
"32557","brown"
"32364","yellow"
"17578","yellow"
"25986","yellow"
"38761","brown"
"5204","yellow"
"29819","yellow"
"16502","yellow"
"42636","brown"
"861","yellow"
"55411","brown"
"14742","brown"
"33119","yellow"
"53629","brown"
"26354","brown"
"19290","brown"
"44499","brown"
"16621","yellow"
"3147","yellow"
"29821","brown"
"38498","yellow"
"29505","turquoise"
"1595","brown"
"42689","yellow"
"53370","yellow"
"8818","yellow"
"18070","yellow"
"20586","brown"
"24423","brown"
"8223","yellow"
"35473","yellow"
"28158","yellow"
"28740","brown"
"43387","yellow"
"18777","yellow"
"44919","brown"
"20150","brown"
"49994","yellow"
"21926","yellow"
"2122","yellow"
"34005","brown"
"49279","brown"
"14529","brown"
"4720","yellow"
"43595","brown"
"44404","brown"
"25870","yellow"
"31602","yellow"
"44510","yellow"
"26180","yellow"
"14065","yellow"
"29637","yellow"
"18512","yellow"
"27484","yellow"
"51935","brown"
"14182","yellow"
"8390","yellow"
"9445","yellow"
"31460","brown"
"53263","brown"
"12169","brown"
"22829","turquoise"
"12935","yellow"
"54444","yellow"
"43854","brown"
"16616","yellow"
"39779","yellow"
"35205","brown"
"46501","brown"
"51094","brown"
"31209","yellow"
"32942","yellow"
"5435","brown"
"34237","brown"
"27227","yellow"
"31428","turquoise"
"51715","yellow"
"55104","yellow"
"46888","yellow"
"26471","yellow"
"47624","brown"
"6530","brown"
"29893","brown"
"2324","yellow"
"52273","yellow"
"55761","brown"
"18199","brown"
"12324","brown"
"51187","brown"
"15441","yellow"
"38571","yellow"
"26724","turquoise"
"11115","brown"
"49415","brown"
"22665","brown"
"48348","brown"
"43899","brown"
"30347","yellow"
"15339","brown"
"6060","brown"
"293","yellow"
"42599","brown"
"34548","brown"
"21620","yellow"
"39287","brown"
"6299","brown"
"50261","yellow"
"41454","brown"
"20914","brown"
"3452","brown"
"33149","brown"
"8281","yellow"
"5010","yellow"
"20480","brown"
"24452","yellow"
"40537","brown"
"38318","brown"
"1147","brown"
"14017","brown"
"18390","yellow"
"3774","brown"
"32161","brown"
"41862","turquoise"
"6253","brown"
"23454","yellow"
"22993","yellow"
"50765","brown"
"16781","brown"
"18013","brown"
"643","brown"
"54212","brown"
"7500","brown"
"49278","brown"
"34979","brown"
"49402","yellow"
"32236","yellow"
"33377","brown"
"23422","yellow"
"30692","brown"
"47846","brown"
"29065","yellow"
"19383","brown"
"2962","brown"
"49945","yellow"
"55454","brown"
"52124","yellow"
"27917","yellow"
"55800","yellow"
"19865","brown"
"39185","brown"
"52999","yellow"
"7541","brown"
"42457","brown"
"40967","brown"
"43250","yellow"
"16185","yellow"
"31857","yellow"
"38193","brown"
"34289","turquoise"
"40492","yellow"
"26425","yellow"
"13223","brown"
"55183","brown"
"41854","brown"
"46046","yellow"
"44512","brown"
"49506","yellow"
"15880","yellow"
"2603","brown"
"48000","brown"
"28549","brown"
"20336","brown"
"44837","brown"
"14282","yellow"
"20554","yellow"
"29126","brown"
"28788","brown"
"31863","brown"
"3444","yellow"
"43169","yellow"
"54710","yellow"
"24443","brown"
"5146","yellow"
"43303","brown"
"42724","yellow"
"30776","brown"
"23323","brown"
"13518","yellow"
"18971","brown"
"17303","brown"
"38615","yellow"
"44357","yellow"
"5448","brown"
"51109","brown"
"55102","yellow"
"12423","brown"
"26995","yellow"
"1389","brown"
"34520","yellow"
"52742","yellow"
"54297","yellow"
"51983","yellow"
"17697","brown"
"12092","yellow"
"38374","blue"
"12531","brown"
"19517","brown"
"47211","brown"
"26949","brown"
"21407","yellow"
"3646","yellow"
"13912","yellow"
"16030","yellow"
"53491","yellow"
"25183","yellow"
"4212","turquoise"
"14453","yellow"
"23584","yellow"
"20929","brown"
"8620","yellow"
"13371","brown"
"15864","brown"
"55665","yellow"
"51402","yellow"
"39831","brown"
"15918","brown"
"6102","brown"
"31949","brown"
"54008","brown"
"24244","brown"
"14343","brown"
"20418","brown"
"9115","brown"
"34517","brown"
"15781","brown"
"46134","brown"
"36828","brown"
"12992","yellow"
"48448","yellow"
"40039","brown"
"3798","brown"
"49898","brown"
"29301","brown"
"29091","yellow"
"12305","brown"
"29448","brown"
"25738","brown"
"9575","brown"
"54930","yellow"
"36467","brown"
"8925","yellow"
"26235","yellow"
"41911","yellow"
"46838","brown"
"21616","brown"
"31277","yellow"
"51557","yellow"
"31742","brown"
"50691","yellow"
"21875","yellow"
"29759","yellow"
"2311","brown"
"24870","yellow"
"29122","yellow"
"34027","yellow"
"20272","brown"
"28849","yellow"
"36216","yellow"
"9259","brown"
"7347","yellow"
"49950","yellow"
"15510","brown"
"1921","brown"
"12934","brown"
"12882","brown"
"34720","yellow"
"34800","brown"
"18314","brown"
"47020","brown"
"15705","brown"
"16917","yellow"
"39430","yellow"
"40577","yellow"
"26540","yellow"
"3209","yellow"
"9986","brown"
"52942","yellow"
"9622","brown"
"1228","brown"
"14186","brown"
"25823","yellow"
"55402","yellow"
"28642","yellow"
"21412","brown"
"20057","brown"
"29296","yellow"
"49561","brown"
"43308","yellow"
"20290","brown"
"53843","brown"
"43131","yellow"
"21252","yellow"
"22439","brown"
"51349","brown"
"2304","yellow"
"11504","yellow"
"42067","brown"
"34222","brown"
"26322","yellow"
"35125","yellow"
"52061","yellow"
"14012","yellow"
"44762","yellow"
"41602","brown"
"41750","brown"
"47388","brown"
"28422","brown"
"14472","brown"
"41930","brown"
"30121","yellow"
"43231","yellow"
"22914","yellow"
"14995","turquoise"
"25613","brown"
"4989","brown"
"39611","brown"
"52684","yellow"
"38336","yellow"
"20547","brown"
"40787","brown"
"31709","brown"
"48989","brown"
"31044","yellow"
"11404","brown"
"24129","brown"
"32413","yellow"
"28809","brown"
"29168","yellow"
"54451","brown"
"26656","brown"
"1280","brown"
"4187","yellow"
"2724","yellow"
"11798","yellow"
"25636","brown"
"32342","brown"
"42836","brown"
"20597","brown"
"27544","brown"
"46808","brown"
"10493","brown"
"23467","brown"
"34384","brown"
"21030","yellow"
"39166","brown"
"41154","brown"
"202","brown"
"15147","yellow"
"6313","brown"
"2309","brown"
"47141","brown"
"44396","brown"
"38540","brown"
"13168","yellow"
"422","yellow"
"32830","brown"
"15762","yellow"
"6613","yellow"
"47385","yellow"
"49780","brown"
"38583","brown"
"43132","brown"
"35558","yellow"
"36352","yellow"
"4959","brown"
"3525","yellow"
"1407","yellow"
"5004","brown"
"30353","brown"
"13704","brown"
"15116","brown"
"15726","brown"
"40349","brown"
"3731","brown"
"13909","yellow"
"19689","yellow"
"32587","yellow"
"43474","brown"
"8383","brown"
"43780","brown"
"32569","brown"
"52898","brown"
"30076","brown"
"17317","brown"
"38846","brown"
"50108","yellow"
"12281","brown"
"5497","brown"
"48001","yellow"
"34147","yellow"
"33308","yellow"
"17170","brown"
"2599","brown"
"6205","brown"
"39362","yellow"
"17055","yellow"
"16294","brown"
"3490","brown"
"45081","yellow"
"42534","brown"
"10312","brown"
"2646","yellow"
"36198","brown"
"4666","yellow"
"9563","brown"
"14749","brown"
"19724","brown"
"2741","brown"
"14921","brown"
"24499","yellow"
"38873","brown"
"49689","brown"
"26569","brown"
"19503","brown"
"48437","brown"
"52132","yellow"
"8027","yellow"
"44616","yellow"
"32319","brown"
"21940","yellow"
"3109","brown"
"55590","yellow"
"36550","brown"
"7996","brown"
"37555","brown"
"17868","brown"
"37325","brown"
"19337","brown"
"5754","brown"
"15472","yellow"
"17724","brown"
"9929","brown"
"21745","brown"
"18640","brown"
"26685","brown"
"40545","yellow"
"10294","yellow"
"26846","yellow"
"17922","yellow"
"43781","yellow"
"31801","brown"
"10736","brown"
"42391","brown"
"29915","yellow"
"10019","yellow"
"1624","brown"
"35456","brown"
"13482","brown"
"6661","brown"
"46557","brown"
"3380","yellow"
"10635","yellow"
"2586","brown"
"41809","yellow"
"17843","brown"
"2037","brown"
"21954","yellow"
"44327","yellow"
"47239","brown"
"41899","brown"
"19593","yellow"
"21829","yellow"
"31990","brown"
"22721","brown"
"27245","brown"
"22220","yellow"
"13887","yellow"
"19756","brown"
"29316","brown"
"50338","brown"
"8348","yellow"
"18706","brown"
"11931","brown"
"45414","yellow"
"41153","yellow"
"50029","yellow"
"11826","brown"
"7155","brown"
"29025","yellow"
"51316","yellow"
"29322","brown"
"50246","brown"
"13095","brown"
"32000","yellow"
"53802","brown"
"3407","brown"
"41804","yellow"
"44042","brown"
"26319","brown"
"2743","brown"
"53057","yellow"
"26412","brown"
"3648","brown"
"18498","brown"
"14757","brown"
"22287","brown"
"27470","brown"
"3071","brown"
"16356","yellow"
"11395","brown"
"3316","brown"
"46528","yellow"
"17422","yellow"
"28886","brown"
"200","yellow"
"22727","yellow"
"18312","brown"
"9306","brown"
"874","brown"
"54220","yellow"
"38676","yellow"
"48319","yellow"
"15145","yellow"
"43193","brown"
"3711","brown"
"20900","yellow"
"16813","yellow"
"38574","yellow"
"22492","brown"
"53581","brown"
"48131","brown"
"49311","yellow"
"9522","brown"
"32809","brown"
"5904","yellow"
"28976","brown"
"37286","brown"
"22578","yellow"
"27378","yellow"
"13208","brown"
"12607","brown"
"48029","yellow"
"23462","brown"
"1128","brown"
"9138","brown"
"15146","yellow"
"20551","yellow"
"29978","yellow"
"38633","brown"
"18056","yellow"
"31373","yellow"
"38186","brown"
"4500","brown"
"31775","brown"
"9623","brown"
"24615","brown"
"18285","brown"
"27248","brown"
"50823","brown"
"5650","brown"
"13475","yellow"
"39802","brown"
"2878","yellow"
"24900","yellow"
"3253","brown"
"33602","brown"
"32956","brown"
"48703","yellow"
"15106","yellow"
"30567","yellow"
"30064","yellow"
"14764","brown"
"18273","brown"
"26204","yellow"
"53914","brown"
"54409","brown"
"44237","yellow"
"34242","brown"
"15518","brown"
"47955","brown"
"43960","yellow"
"5771","yellow"
"8456","brown"
"17782","brown"
"18216","brown"
"7315","brown"
"44843","brown"
"28530","brown"
"32099","brown"
"32509","yellow"
"8768","brown"
"43703","brown"
"46093","yellow"
"13503","brown"
"50081","brown"
"33538","brown"
"36094","brown"
"41054","brown"
"23528","yellow"
"55038","yellow"
"34847","brown"
"35740","brown"
"18923","brown"
"6645","brown"
"23892","yellow"
"49877","brown"
"32759","brown"
"18358","brown"
"10123","turquoise"
"5074","brown"
"12139","brown"
"18125","brown"
"52864","brown"
"46271","brown"
"26905","brown"
"49751","brown"
"30187","brown"
"51461","brown"
"15975","brown"
"12521","brown"
"33638","brown"
"31013","brown"
"29889","brown"
"21944","turquoise"
"8","brown"
"18802","brown"
"6789","brown"
"1089","brown"
"52287","brown"
"18093","brown"
"26477","brown"
"18302","yellow"
"27081","brown"
"15680","brown"
"43244","brown"
"42939","brown"
"31858","yellow"
"14741","turquoise"
"29808","brown"
"28603","brown"
"4083","brown"
"43768","brown"
"32322","brown"
"17201","brown"
"22525","yellow"
"2012","brown"
"5788","yellow"
"41165","brown"
"37315","yellow"
"16748","brown"
"1975","brown"
"45987","brown"
"36287","brown"
"6112","yellow"
"37983","brown"
"13127","brown"
"31918","yellow"
"51166","yellow"
"3902","yellow"
"23041","brown"
"52645","yellow"
"36501","yellow"
"37675","brown"
"14109","brown"
"8241","brown"
"45463","yellow"
"54524","yellow"
"15658","yellow"
"9065","yellow"
"45240","brown"
"24047","brown"
"52961","yellow"
"15202","yellow"
"32826","brown"
"39066","yellow"
"45440","brown"
"11203","brown"
"44718","brown"
"4239","brown"
"12147","brown"
"44721","yellow"
"14083","yellow"
"13591","brown"
"52462","yellow"
"28719","brown"
"37753","brown"
"39702","brown"
"34183","yellow"
"38992","yellow"
"55932","yellow"
"27009","brown"
"53234","yellow"
"6581","brown"
"42407","yellow"
"685","yellow"
"53976","brown"
"53351","yellow"
"40448","brown"
"37685","yellow"
"33049","brown"
"7646","brown"
"26972","yellow"
"2359","yellow"
"19236","brown"
"26016","yellow"
"40086","brown"
"19002","brown"
"33809","brown"
"17499","brown"
"21119","brown"
"46876","yellow"
"4008","brown"
"108","brown"
"43611","brown"
"41849","brown"
"7359","yellow"
"40360","brown"
"2939","brown"
"47257","brown"
"11772","yellow"
"9383","brown"
"25975","yellow"
"6519","brown"
"49203","brown"
"3125","brown"
"25745","brown"
"22531","yellow"
"34066","yellow"
"2746","brown"
"3119","yellow"
"27653","brown"
"34458","brown"
"45980","brown"
"37072","brown"
"5059","yellow"
"18779","brown"
"40554","yellow"
"38235","brown"
"24481","brown"
"49995","brown"
"38906","brown"
"23903","brown"
"1951","brown"
"38561","brown"
"52930","brown"
"30636","yellow"
"42895","yellow"
"26704","yellow"
"29900","brown"
"3480","brown"
"3858","brown"
"6286","brown"
"42217","yellow"
"74","brown"
"12021","brown"
"5580","yellow"
"36096","brown"
"32624","brown"
"29674","yellow"
"41037","brown"
"21440","brown"
"49435","brown"
"15175","brown"
"7332","brown"
"18164","yellow"
"48102","yellow"
"35439","brown"
"478","brown"
"15531","brown"
"36199","brown"
"5516","brown"
"798","brown"
"41660","yellow"
"49740","brown"
"25676","brown"
"2151","yellow"
"14396","brown"
"37625","brown"
"40557","yellow"
"46301","yellow"
"26030","yellow"
"27428","yellow"
"4852","brown"
"10994","brown"
"10162","brown"
"4075","brown"
"25323","brown"
"40008","brown"
"12466","brown"
"30533","yellow"
"47105","brown"
"50050","brown"
"42753","brown"
"28270","brown"
"47206","brown"
"40949","brown"
"2329","brown"
"52907","yellow"
"49607","brown"
"55757","brown"
"39299","yellow"
"53807","yellow"
"23795","yellow"
"52572","yellow"
"37985","brown"
"47512","yellow"
"6420","yellow"
"47469","brown"
"36241","yellow"
"9008","brown"
"14406","brown"
"26301","yellow"
"5935","brown"
"54932","yellow"
"28193","brown"
"31892","brown"
"44226","brown"
"13900","yellow"
"11961","brown"
"19621","brown"
"22144","brown"
"6557","brown"
"25875","brown"
"37393","brown"
"16557","yellow"
"39418","yellow"
"160","brown"
"4504","brown"
"52852","brown"
"4941","brown"
"49997","brown"
"14556","brown"
"38490","brown"
"22703","brown"
"19461","brown"
"8543","yellow"
"25649","yellow"
"12849","brown"
"25479","brown"
"4245","brown"
"17916","brown"
"27337","yellow"
"23430","brown"
"29785","brown"
"29378","brown"
"9849","brown"
"55912","brown"
"41421","yellow"
"8132","yellow"
"35045","brown"
"22188","brown"
"1378","brown"
"41455","brown"
"8440","yellow"
"34943","yellow"
"9831","brown"
"1271","brown"
"4305","yellow"
"49154","yellow"
"3849","yellow"
"46065","brown"
"40387","turquoise"
"2783","brown"
"11683","brown"
"27129","brown"
"45929","brown"
"7128","brown"
"5230","brown"
"12978","yellow"
"11814","brown"
"7115","brown"
"44428","brown"
"34716","brown"
"27087","brown"
"50174","brown"
"44474","brown"
"6038","brown"
"38321","brown"
"405","brown"
"23948","brown"
"1574","brown"
"11380","brown"
"38994","brown"
"2180","yellow"
"51934","brown"
"32796","yellow"
"5668","yellow"
"44880","brown"
"31092","brown"
"24973","brown"
"50090","brown"
"18073","brown"
"4320","brown"
"39111","brown"
"37252","brown"
"3722","brown"
"53026","yellow"
"15479","brown"
"328","brown"
"54825","brown"
"10613","brown"
"31713","yellow"
"25949","brown"
"45690","yellow"
"48307","yellow"
"50554","yellow"
"36984","yellow"
"54321","brown"
"44297","brown"
"49130","brown"
"9221","yellow"
"41390","brown"
"42482","brown"
"36781","yellow"
"31860","yellow"
"40169","brown"
"27276","brown"
"10068","brown"
"32078","brown"
"16636","brown"
"32386","brown"
"8709","yellow"
"39177","brown"
"4447","brown"
"25653","brown"
"50984","brown"
"37018","brown"
"43238","brown"
"54499","brown"
"5817","brown"
"47504","brown"
"4772","brown"
"28575","brown"
"958","turquoise"
"33493","brown"
"32432","brown"
"8977","yellow"
"5636","brown"
"36761","brown"
"15210","brown"
"51435","brown"
"20888","brown"
"40809","brown"
"239","brown"
"43630","yellow"
"11021","brown"
"454","brown"
"1708","brown"
"54824","yellow"
"10359","yellow"
"21480","brown"
"25141","brown"
"47468","brown"
"33265","brown"
"8081","brown"
"18259","brown"
"54438","yellow"
"35143","brown"
"11943","yellow"
"43708","yellow"
"37521","brown"
"858","brown"
"15687","brown"
"46433","yellow"
"30458","blue"
"36956","yellow"
"38827","brown"
"27711","brown"
"47757","yellow"
"30686","brown"
"35229","brown"
"45092","brown"
"4034","brown"
"4125","brown"
"50790","brown"
"39030","brown"
"41160","yellow"
"28127","brown"
"12125","brown"
"37719","yellow"
"44911","brown"
"42442","yellow"
"39203","brown"
"7887","brown"
"2157","yellow"
"52113","brown"
"1110","brown"
"36726","brown"
"34406","yellow"
"55815","brown"
"50548","brown"
"18448","brown"
"55967","brown"
"16140","yellow"
"22992","brown"
"11518","brown"
"34499","brown"
"194","yellow"
"7037","brown"
"22110","yellow"
"47158","brown"
"26896","blue"
"17130","brown"
"53109","brown"
"41033","brown"
"9244","brown"
"52193","brown"
"49966","yellow"
"25022","yellow"
"48375","brown"
"38238","brown"
"13484","brown"
"39892","brown"
"28576","brown"
"1456","brown"
"51129","yellow"
"4157","brown"
"20648","yellow"
"28939","brown"
"32288","brown"
"3762","brown"
"42403","brown"
"35071","brown"
"47419","brown"
"8276","brown"
"46370","brown"
"14004","brown"
"5612","brown"
"24195","brown"
"22312","yellow"
"32993","brown"
"32958","yellow"
"6881","brown"
"5409","brown"
"49615","brown"
"43062","brown"
"17334","brown"
"35910","yellow"
"4681","brown"
"5296","brown"
"20634","brown"
"20253","brown"
"32753","brown"
"47454","brown"
"34192","brown"
"31309","brown"
"39709","brown"
"7874","brown"
"47925","yellow"
"48409","brown"
"24843","brown"
"14846","brown"
"16330","brown"
"24781","turquoise"
"46105","yellow"
"3332","brown"
"3140","yellow"
"41019","brown"
"23788","brown"
"5967","brown"
"50878","yellow"
"37131","brown"
"20112","yellow"
"35176","brown"
"18441","brown"
"36249","yellow"
"47675","yellow"
"42929","brown"
"54621","brown"
"1491","brown"
"6896","brown"
"7003","brown"
"26072","brown"
"43142","brown"
"40391","brown"
"18450","yellow"
"13523","brown"
"31127","brown"
"43452","yellow"
"39635","brown"
"25336","yellow"
"43673","brown"
"2592","yellow"
"46167","brown"
"49113","brown"
"6472","brown"
"18514","brown"
"47680","brown"
"7149","yellow"
"28539","brown"
"47949","brown"
"15337","brown"
"32205","brown"
"41664","brown"
"21927","blue"
"48662","brown"
"29676","brown"
"22749","yellow"
"8092","yellow"
"20638","brown"
"21270","brown"
"2782","yellow"
"55696","brown"
"30783","brown"
"7396","brown"
"3024","brown"
"19746","brown"
"33587","brown"
"28556","brown"
"3362","brown"
"10339","brown"
"17838","brown"
"41488","brown"
"34465","brown"
"26558","brown"
"50877","brown"
"2053","yellow"
"40748","brown"
"19447","brown"
"23287","brown"
"7006","brown"
"35072","brown"
"24695","yellow"
"49220","brown"
"36701","yellow"
"20783","brown"
"18345","brown"
"47784","yellow"
"41200","turquoise"
"26776","brown"
"55398","brown"
"50352","brown"
"19359","brown"
"4616","yellow"
"14062","yellow"
"18899","brown"
"3563","yellow"
"28280","yellow"
"22","brown"
"41338","brown"
"2190","brown"
"32964","brown"
"18411","brown"
"7796","brown"
"37205","yellow"
"3800","brown"
"30199","yellow"
"5703","brown"
"19676","brown"
"30887","brown"
"50705","brown"
"44614","brown"
"49314","brown"
"8250","brown"
"51455","yellow"
"12904","brown"
"22471","brown"
"45332","yellow"
"47830","brown"
"54426","turquoise"
"12341","brown"
"54331","brown"
"41249","brown"
"19725","brown"
"32219","yellow"
"4929","brown"
"18551","brown"
"4384","brown"
"15411","brown"
"19961","yellow"
"31234","brown"
"55403","brown"
"13658","brown"
"50599","yellow"
"40425","brown"
"31942","brown"
"23588","brown"
"5005","brown"
"1225","brown"
"31582","yellow"
"7908","brown"
"46581","yellow"
"6042","brown"
"32171","yellow"
"39131","yellow"
"38249","brown"
"1560","brown"
"21257","brown"
"25802","brown"
"33125","brown"
"3178","brown"
"19289","brown"
"10965","yellow"
"20651","brown"
"27553","brown"
"399","brown"
"34117","brown"
"5905","brown"
"32295","brown"
"32482","brown"
"1804","brown"
"16628","brown"
"970","yellow"
"30205","brown"
"39387","brown"
"21967","yellow"
"51031","brown"
"4071","brown"
"51091","brown"
"6451","brown"
"42296","brown"
"18454","yellow"
"3108","brown"
"31880","brown"
"16203","brown"
"28824","brown"
"19426","brown"
"30397","brown"
"48457","yellow"
"31207","brown"
"22495","brown"
"46413","yellow"
"20759","brown"
"28664","brown"
"13793","brown"
"50276","brown"
"25492","brown"
"36872","brown"
"51977","brown"
"531","brown"
"1872","brown"
"49758","yellow"
"8590","brown"
"55036","brown"
"42720","brown"
"32588","brown"
"27746","brown"
"41011","brown"
"623","brown"
"51560","brown"
"12612","brown"
"50262","brown"
"16136","brown"
"1726","brown"
"21099","brown"
"8426","brown"
"11847","yellow"
"3047","brown"
"5195","yellow"
"9800","brown"
"4984","brown"
"4499","brown"
"5780","brown"
"48365","brown"
"37400","brown"
"7571","brown"
"51589","brown"
"1742","brown"
"35254","brown"
"25432","brown"
"29398","brown"
"33892","brown"
"35943","brown"
"15863","brown"
"3697","brown"
"34780","brown"
"54223","brown"
"8906","brown"
"21891","brown"
"34451","brown"
"12543","brown"
"42737","brown"
"40735","brown"
"50681","brown"
"32430","brown"
"3406","brown"
"23016","yellow"
"35470","brown"
"42927","brown"
"46442","brown"
"25892","brown"
"2197","brown"
"53478","brown"
"19493","brown"
"7245","brown"
"51958","brown"
"47577","yellow"
"33360","brown"
"30586","yellow"
"40848","brown"
"1308","brown"
"19991","brown"
"30070","brown"
"29715","brown"
"19690","brown"
"26186","brown"
"35789","brown"
"50422","yellow"
"55247","brown"
"29529","yellow"
"17756","yellow"
"40829","brown"
"49017","brown"
"16342","brown"
"21193","brown"
"30489","brown"
"14454","brown"
"21423","brown"
"16929","brown"
"32651","brown"
"48776","brown"
"45353","yellow"
"45295","brown"
"18468","brown"
"24199","brown"
"3597","yellow"
"20394","brown"
"55490","yellow"
"3423","brown"
"36342","brown"
"1871","brown"
"26387","brown"
"44013","turquoise"
"43307","brown"
"30912","yellow"
"52507","brown"
"13690","yellow"
"33478","brown"
"48035","brown"
"6271","yellow"
"48821","brown"
"23994","yellow"
"34344","brown"
"46728","yellow"
"31818","brown"
"53005","brown"
"11651","brown"
"18024","brown"
"52308","brown"
"10365","brown"
"46586","brown"
"24391","brown"
"51809","yellow"
"22918","brown"
"45906","brown"
"20594","brown"
"54584","brown"
"39363","brown"
"27560","brown"
"17651","brown"
"52771","brown"
"43065","brown"
"17951","brown"
"9565","brown"
"50496","brown"
"10677","brown"
"22490","brown"
"53228","brown"
"35772","brown"
"27905","brown"
"7234","brown"
"23654","brown"
"32097","brown"
"11888","brown"
"29278","brown"
"5899","brown"
"10088","brown"
"13546","brown"
"48392","brown"
"37778","yellow"
"47077","yellow"
"36098","brown"
"27573","brown"
"39931","brown"
"10577","brown"
"8812","brown"
"37298","brown"
"43764","brown"
"11909","brown"
"18295","brown"
"52927","brown"
"48078","brown"
"24206","brown"
"9275","brown"
"48500","brown"
"831","yellow"
"16298","brown"
"47678","brown"
"45727","yellow"
"36121","yellow"
"19468","brown"
"17624","yellow"
"23012","brown"
"4556","brown"
"46519","brown"
"16692","brown"
"14962","brown"
"43825","brown"
"55676","yellow"
"42424","yellow"
"31342","brown"
"27980","blue"
"20277","brown"
"25590","brown"
"49149","turquoise"
"5751","brown"
"40704","brown"
"9124","brown"
"40364","yellow"
"31102","brown"
"52730","brown"
"33168","brown"
"15711","brown"
"37409","yellow"
"5047","brown"
"13924","brown"
"54555","yellow"
"1038","brown"
"26780","brown"
"4099","yellow"
"13969","yellow"
"34059","brown"
"48922","brown"
"15291","brown"
"2920","brown"
"6396","brown"
"27042","brown"
"36385","brown"
"22256","brown"
"33995","brown"
"11612","brown"
"14747","brown"
"54032","brown"
"44140","brown"
"264","yellow"
"19328","yellow"
"13207","brown"
"36824","yellow"
"53184","brown"
"27386","brown"
"49825","brown"
"2421","brown"
"8935","brown"
"7509","brown"
"3834","yellow"
"51565","yellow"
"6811","blue"
"51230","yellow"
"10605","brown"
"37270","brown"
"20031","brown"
"2168","brown"
"21978","brown"
"33791","yellow"
"29899","brown"
"48656","brown"
"20585","brown"
"11204","brown"
"19530","brown"
"17199","yellow"
"13020","brown"
"12044","brown"
"24707","brown"
"9937","brown"
"26013","brown"
"4555","brown"
"26351","brown"
"11348","brown"
"49347","brown"
"9601","brown"
"25188","yellow"
"11501","brown"
"48469","brown"
"7605","brown"
"47954","brown"
"50370","brown"
"44442","brown"
"1562","brown"
"47662","brown"
"52312","brown"
"38622","yellow"
"7113","brown"
"15268","brown"
"6723","yellow"
"23532","yellow"
"53932","brown"
"19614","brown"
"5425","brown"
"23394","brown"
"42344","brown"
"54111","brown"
"25624","yellow"
"20227","brown"
"18134","brown"
"2993","yellow"
"54871","brown"
"576","brown"
"32693","brown"
"53882","brown"
"7401","brown"
"34070","brown"
"5590","yellow"
"12559","brown"
"33962","brown"
"29145","yellow"
"46991","brown"
"4630","brown"
"37335","yellow"
"1437","yellow"
"19431","yellow"
"39235","brown"
"36333","brown"
"5072","brown"
"46335","brown"
"4440","brown"
"11852","brown"
"1682","brown"
"43606","brown"
"39516","yellow"
"676","brown"
"1521","brown"
"8618","brown"
"16532","brown"
"34667","brown"
"8540","brown"
"42652","brown"
"54404","yellow"
"36368","brown"
"27419","brown"
"14908","brown"
"52458","brown"
"32096","brown"
"28728","brown"
"26008","brown"
"43061","yellow"
"22276","yellow"
"12941","brown"
"46532","brown"
"41205","brown"
"39496","brown"
"19276","yellow"
"16894","brown"
"1042","brown"
"27919","brown"
"49674","brown"
"52320","brown"
"45112","brown"
"9712","yellow"
"14076","brown"
"55221","brown"
"31932","brown"
"34457","brown"
"54571","brown"
"29630","brown"
"54356","yellow"
"22009","yellow"
"21015","brown"
"22943","brown"
"10427","brown"
"2054","brown"
"11023","brown"
"15356","brown"
"20872","brown"
"43088","brown"
"9130","brown"
"45049","brown"
"657","brown"
"8481","yellow"
"23209","brown"
"23299","brown"
"55810","brown"
"42763","brown"
"40798","brown"
"4143","brown"
"35955","yellow"
"23722","brown"
"19469","yellow"
"15436","brown"
"55713","brown"
"30492","brown"
"30046","brown"
"35625","brown"
"29093","yellow"
"19893","brown"
"46057","brown"
"41130","brown"
"26089","brown"
"55771","brown"
"35451","brown"
"1651","brown"
"35068","brown"
"52231","brown"
"45111","brown"
"5511","yellow"
"42986","brown"
"42838","brown"
"6507","brown"
"46639","brown"
"43909","brown"
"27774","yellow"
"15706","brown"
"3754","brown"
"51034","brown"
"31889","brown"
"9416","brown"
"48385","brown"
"21849","brown"
"5584","brown"
"41287","brown"
"54942","brown"
"51744","yellow"
"43051","brown"
"42719","brown"
"26999","brown"
"44090","yellow"
"8355","brown"
"29381","brown"
"39996","brown"
"5513","yellow"
"33086","brown"
"6183","brown"
"37779","brown"
"24700","brown"
"5233","brown"
"16144","brown"
"43963","brown"
"29086","brown"
"52143","brown"
"12233","brown"
"7126","yellow"
"41140","brown"
"24633","brown"
"12533","brown"
"41078","yellow"
"45710","brown"
"13295","brown"
"27768","brown"
"16895","brown"
"3232","brown"
"2899","brown"
"13267","brown"
"1938","brown"
"15500","brown"
"52549","brown"
"16619","brown"
"5291","brown"
"52263","brown"
"54767","brown"
"18417","brown"
"24264","brown"
"26969","brown"
"24831","brown"
"21416","brown"
"28310","brown"
"22652","brown"
"42544","brown"
"37374","brown"
"519","brown"
"12592","brown"
"24345","brown"
"49299","brown"
"3104","brown"
"13738","brown"
"6375","brown"
"8716","brown"
"38590","brown"
"1800","brown"
"5852","brown"
"14266","brown"
"21088","brown"
"44833","brown"
"45589","brown"
"16009","brown"
"15007","brown"
"43342","brown"
"42530","brown"
"43549","brown"
"8775","brown"
"45702","brown"
"2755","brown"
"20499","brown"
"54276","brown"
"38837","brown"
"7423","brown"
"29167","brown"
"27938","brown"
"35030","brown"
"55277","brown"
"48874","brown"
"14863","brown"
"36258","brown"
"26750","brown"
"44201","brown"
"10050","brown"
"34087","brown"
"30021","yellow"
"24410","brown"
"24422","brown"
"51624","brown"
"3239","brown"
"39155","brown"
"26371","yellow"
"24125","brown"
"8679","yellow"
"44018","brown"
"14052","brown"
"10121","yellow"
"347","brown"
"53279","yellow"
"22800","brown"
"6967","yellow"
"9453","yellow"
"44397","brown"
"6513","brown"
"34866","brown"
"43004","turquoise"
"53630","brown"
"19722","brown"
"17848","brown"
"13385","brown"
"29914","brown"
"49227","brown"
"54342","brown"
"45422","brown"
"28977","brown"
"8542","brown"
"52319","brown"
"10787","brown"
"6435","brown"
"47082","brown"
"38150","brown"
"20314","brown"
"38243","brown"
"26967","brown"
"19207","brown"
"16013","brown"
"37757","brown"
"32550","brown"
"21060","brown"
"31067","brown"
"25412","brown"
"47099","yellow"
"55830","brown"
"49543","yellow"
"15332","brown"
"24923","brown"
"44434","brown"
"30611","brown"
"14548","brown"
"23400","brown"
"12230","yellow"
"44576","brown"
"40222","brown"
"23515","brown"
"4078","brown"
"41271","brown"
"7812","brown"
"42527","brown"
"41377","brown"
"6467","brown"
"30625","yellow"
"2434","brown"
"21735","brown"
"14748","brown"
"54738","brown"
"33152","brown"
"5119","brown"
"7457","brown"
"45218","yellow"
"109","brown"
"21562","yellow"
"1328","brown"
"25372","yellow"
"45217","brown"
"20935","brown"
"532","brown"
"31070","yellow"
"43516","brown"
"32574","blue"
"8489","brown"
"28573","brown"
"38792","brown"
"52292","brown"
"17135","brown"
"9719","brown"
"37229","brown"
"54714","brown"
"1412","brown"
"44224","brown"
"20964","brown"
"12328","yellow"
"25350","brown"
"29051","turquoise"
"16839","yellow"
"29991","brown"
"21207","brown"
"2898","brown"
"17817","yellow"
"38241","brown"
"53297","brown"
"44411","brown"
"7640","brown"
"46769","yellow"
"39712","yellow"
"2823","brown"
"51301","brown"
"19454","brown"
"36068","yellow"
"29343","brown"
"15098","brown"
"26989","yellow"
"29966","brown"
"45865","brown"
"39135","yellow"
"43712","brown"
"42910","brown"
"39576","brown"
"6509","brown"
"23570","brown"
"22512","brown"
"34404","brown"
"26087","brown"
"43430","yellow"
"25130","brown"
"2498","brown"
"36147","brown"
"46069","brown"
"43738","brown"
"29768","brown"
"47009","brown"
"20174","brown"
"24451","yellow"
"40252","brown"
"45848","brown"
"553","brown"
"17516","brown"
"48964","brown"
"25019","brown"
"44060","brown"
"25462","brown"
"51399","yellow"
"13364","brown"
"13727","brown"
"48374","brown"
"2264","brown"
"16135","brown"
"14172","brown"
"41659","brown"
"4091","brown"
"53863","brown"
"35375","brown"
"32960","brown"
"46629","yellow"
"33415","turquoise"
"25408","brown"
"7412","brown"
"22893","brown"
"42466","brown"
"45913","brown"
"35369","brown"
"45725","brown"
"48559","yellow"
"1991","blue"
"53528","brown"
"41325","yellow"
"21260","yellow"
"21641","brown"
"33877","brown"
"47357","brown"
"38340","brown"
"11236","brown"
"53817","brown"
"11265","brown"
"42578","yellow"
"53601","brown"
"24387","brown"
"38801","brown"
"2621","brown"
"25402","brown"
"10908","brown"
"869","brown"
"5828","brown"
"38324","brown"
"2024","brown"
"8646","brown"
"16061","brown"
"29672","brown"
"38987","brown"
"22328","brown"
"34952","brown"
"19395","brown"
"42484","brown"
"38142","brown"
"11864","brown"
"50222","brown"
"40845","brown"
"367","brown"
"20132","brown"
"48676","brown"
"18505","brown"
"21776","brown"
"6817","brown"
"45404","brown"
"11536","brown"
"20555","brown"
"10896","brown"
"24728","brown"
"44596","brown"
"52199","brown"
"46936","brown"
"5206","brown"
"50324","brown"
"52365","brown"
"12498","brown"
"11163","brown"
"18250","brown"
"11189","brown"
"5014","brown"
"20079","turquoise"
"7463","brown"
"29979","brown"
"17483","brown"
"37884","yellow"
"18144","yellow"
"29011","yellow"
"44330","brown"
"50051","brown"
"12288","brown"
"20579","brown"
"14823","brown"
"41156","brown"
"42348","brown"
"158","yellow"
"33138","brown"
"1299","brown"
"26515","yellow"
"27657","brown"
"16171","brown"
"51364","brown"
"5227","brown"
"51479","brown"
"37434","brown"
"41072","yellow"
"7828","yellow"
"41090","yellow"
"42044","brown"
"46777","brown"
"55094","brown"
"7377","brown"
"1108","brown"
"42323","brown"
"5102","brown"
"24257","yellow"
"46291","brown"
"7414","yellow"
"9810","brown"
"5881","brown"
"18623","brown"
"52264","brown"
"26935","brown"
"54169","brown"
"23780","brown"
"49910","brown"
"33253","brown"
"52803","brown"
"23063","yellow"
"8549","brown"
"392","yellow"
"4978","brown"
"51969","brown"
"7453","brown"
"24995","brown"
"34612","brown"
"53147","brown"
"39558","brown"
"53752","brown"
"42535","brown"
"39795","brown"
"33091","brown"
"37471","brown"
"54275","brown"
"37142","brown"
"47356","brown"
"54889","brown"
"27574","yellow"
"3768","brown"
"16825","brown"
"52085","brown"
"26826","brown"
"40237","brown"
"29873","brown"
"31232","brown"
"26342","brown"
"36224","brown"
"16240","yellow"
"37321","brown"
"55729","yellow"
"254","brown"
"49856","yellow"
"14928","yellow"
"48019","brown"
"43321","brown"
"37460","brown"
"22499","brown"
"10541","brown"
"3600","brown"
"44418","turquoise"
"11837","brown"
"17071","brown"
"51852","brown"
"25678","brown"
"43499","brown"
"18435","brown"
"34349","brown"
"41444","brown"
"1673","brown"
"36416","brown"
"29226","brown"
"39326","brown"
"40688","brown"
"487","brown"
"30800","brown"
"11197","brown"
"39529","brown"
"35210","brown"
"37598","brown"
"9645","brown"
"36572","brown"
"42774","yellow"
"39103","brown"
"14188","brown"
"15965","brown"
"46143","yellow"
"18354","brown"
"9219","brown"
"46640","yellow"
"21558","brown"
"1037","brown"
"51046","brown"
"34243","brown"
"55705","brown"
"4284","brown"
"50504","brown"
"38254","brown"
"55835","brown"
"16047","brown"
"26153","brown"
"89","brown"
"32621","brown"
"52998","brown"
"1987","brown"
"36622","brown"
"47911","brown"
"13003","brown"
"29046","brown"
"18853","brown"
"5428","yellow"
"26915","brown"
"9410","brown"
"23858","brown"
"32088","brown"
"54450","brown"
"33355","brown"
"34362","brown"
"37329","yellow"
"9279","brown"
"37578","brown"
"5490","brown"
"48631","yellow"
"43699","brown"
"37527","brown"
"46956","brown"
"10020","brown"
"35917","brown"
"48272","brown"
"12880","yellow"
"15413","brown"
"45809","brown"
"33764","brown"
"24557","brown"
"2835","brown"
"39122","brown"
"20001","brown"
"44358","brown"
"11706","brown"
"36441","brown"
"43480","brown"
"29052","brown"
"26643","brown"
"19189","brown"
"6006","brown"
"35659","yellow"
"8505","yellow"
"34104","brown"
"1179","brown"
"42121","brown"
"30685","brown"
"32145","brown"
"30679","brown"
"20436","brown"
"46454","brown"
"39249","yellow"
"53622","brown"
"15859","yellow"
"31031","yellow"
"50066","brown"
"11885","brown"
"18852","brown"
"54666","brown"
"26199","brown"
"33232","brown"
"37824","brown"
"15633","brown"
"3048","brown"
"10409","brown"
"52538","brown"
"35906","turquoise"
"51774","brown"
"27064","brown"
"34784","brown"
"25534","brown"
"28953","brown"
"44617","brown"
"55584","brown"
"49421","brown"
"49524","brown"
"43823","brown"
"49977","brown"
"14544","brown"
"52397","yellow"
"36401","brown"
"20671","brown"
"35618","brown"
"16271","brown"
"29372","brown"
"14498","yellow"
"39085","brown"
"1245","blue"
"53967","brown"
"46743","brown"
"24833","brown"
"53779","brown"
"51604","brown"
"34256","brown"
"10591","brown"
"39891","brown"
"48232","brown"
"43513","brown"
"15921","brown"
"8876","brown"
"31647","brown"
"31339","brown"
"32360","brown"
"4682","brown"
"4121","brown"
"27874","brown"
"30768","yellow"
"17249","brown"
"17935","yellow"
"34590","brown"
"12726","turquoise"
"44748","brown"
"13225","brown"
"47597","brown"
"54080","brown"
"44647","brown"
"15239","brown"
"842","brown"
"270","brown"
"8931","brown"
"44795","yellow"
"26261","brown"
"35949","brown"
"19000","brown"
"245","brown"
"21399","brown"
"38888","brown"
"827","brown"
"3096","brown"
"4687","brown"
"19987","brown"
"4298","brown"
"17768","brown"
"627","brown"
"26856","brown"
"40632","brown"
"43124","brown"
"40178","brown"
"21188","brown"
"21683","brown"
"32264","brown"
"40891","brown"
"49046","brown"
"34311","brown"
"45249","brown"
"17513","brown"
"35139","brown"
"45574","brown"
"684","brown"
"49541","brown"
"52490","brown"
"47125","brown"
"33278","brown"
"42467","brown"
"22799","brown"
"23558","brown"
"17332","brown"
"17867","brown"
"43519","brown"
"43288","brown"
"44878","brown"
"38467","brown"
"55446","brown"
"16184","brown"
"52128","brown"
"42108","brown"
"44558","brown"
"178","brown"
"51858","brown"
"21709","brown"
"53766","brown"
"15945","yellow"
"31095","brown"
"47630","brown"
"39345","brown"
"3120","brown"
"15234","brown"
"9908","brown"
"18432","brown"
"22206","brown"
"41274","brown"
"26054","brown"
"24917","brown"
"5158","yellow"
"43577","brown"
"7746","brown"
"5417","brown"
"24359","brown"
"7759","brown"
"19158","brown"
"49321","brown"
"19369","brown"
"16083","brown"
"49736","blue"
"25504","brown"
"34673","brown"
"2384","turquoise"
"1140","brown"
"9920","brown"
"54117","brown"
"36443","brown"
"23827","brown"
"32938","brown"
"20460","brown"
"30917","brown"
"17815","brown"
"13336","brown"
"33031","blue"
"1077","brown"
"14177","brown"
"53474","brown"
"46934","brown"
"8206","brown"
"53761","brown"
"20270","brown"
"30780","brown"
"24770","brown"
"43618","yellow"
"48311","brown"
"9856","brown"
"24140","brown"
"47697","brown"
"4397","brown"
"26125","brown"
"21781","brown"
"14269","brown"
"42028","brown"
"43740","brown"
"48893","brown"
"44675","brown"
"30014","brown"
"45405","brown"
"52153","brown"
"34213","brown"
"4714","brown"
"53858","brown"
"31822","brown"
"4629","brown"
"48653","brown"
"53800","brown"
"50042","brown"
"54858","brown"
"12703","yellow"
"32258","brown"
"34599","brown"
"28303","brown"
"24743","brown"
"10675","brown"
"40101","brown"
"15355","brown"
"45791","brown"
"10790","brown"
"52853","brown"
"40483","brown"
"41519","brown"
"13474","brown"
"33174","brown"
"52551","brown"
"55744","brown"
"20767","brown"
"46327","brown"
"26604","brown"
"26803","brown"
"14969","brown"
"11512","brown"
"54163","brown"
"37852","brown"
"42769","brown"
"9613","yellow"
"35614","brown"
"16414","brown"
"53558","brown"
"55901","yellow"
"38204","brown"
"21656","brown"
"55431","brown"
"41487","brown"
"19498","brown"
"54725","brown"
"35448","brown"
"54905","yellow"
"42907","brown"
"22859","brown"
"8141","brown"
"38015","turquoise"
"24741","brown"
"14473","brown"
"26650","brown"
"26738","brown"
"24421","brown"
"43770","brown"
"52079","brown"
"39481","brown"
"28372","brown"
"21082","brown"
"31563","brown"
"2915","brown"
"45884","brown"
"47006","brown"
"48258","brown"
"51093","brown"
"9607","brown"
"4967","yellow"
"27984","turquoise"
"31800","brown"
"42034","brown"
"34054","brown"
"23694","brown"
"50932","brown"
"6133","brown"
"1747","brown"
"9308","brown"
"51787","brown"
"17050","brown"
"19974","brown"
"37447","brown"
"31063","turquoise"
"16279","brown"
"50266","brown"
"27085","brown"
"1638","brown"
"16724","brown"
"19796","brown"
"41322","brown"
"4348","brown"
"31160","brown"
"38431","brown"
"535","brown"
"50392","brown"
"51293","brown"
"12270","brown"
"32581","brown"
"48805","brown"
"7530","turquoise"
"18736","brown"
"27991","brown"
"50166","brown"
"5716","brown"
"22963","brown"
"53475","brown"
"18122","brown"
"55046","brown"
"22192","brown"
"9520","brown"
"6990","brown"
"33441","brown"
"32256","brown"
"1030","brown"
"10084","brown"
"44640","brown"
"23181","brown"
"40860","brown"
"40273","brown"
"51946","brown"
"2104","brown"
"23232","brown"
"28053","brown"
"18531","yellow"
"42336","brown"
"24141","brown"
"48641","brown"
"24033","brown"
"35923","brown"
"24164","brown"
"11038","brown"
"4672","brown"
"35696","brown"
"10054","brown"
"24121","brown"
"13913","brown"
"42984","brown"
"12110","brown"
"12379","brown"
"37716","brown"
"24143","brown"
"800","brown"
"39837","brown"
"4181","brown"
"49319","brown"
"55722","brown"
"10264","brown"
"22245","yellow"
"37103","brown"
"24476","brown"
"25156","brown"
"48426","blue"
"36083","blue"
"9020","brown"
"33949","brown"
"50975","blue"
"44537","turquoise"
"2554","brown"
"50194","brown"
"37227","brown"
"46091","brown"
"33866","brown"
"3918","brown"
"5465","brown"
"10599","brown"
"30981","brown"
"49546","yellow"
"20970","brown"
"52966","brown"
"12227","brown"
"32051","brown"
"18300","brown"
"1068","brown"
"29660","brown"
"41108","brown"
"49491","yellow"
"28624","brown"
"23488","brown"
"37082","brown"
"22378","brown"
"40978","brown"
"13567","brown"
"50171","brown"
"8727","blue"
"5971","brown"
"42651","brown"
"320","brown"
"36741","brown"
"54660","yellow"
"44081","brown"
"17981","brown"
"50199","brown"
"18900","brown"
"6543","brown"
"7043","yellow"
"11737","brown"
"4202","brown"
"14671","brown"
"7422","brown"
"15546","brown"
"37024","brown"
"21488","brown"
"38926","brown"
"52884","brown"
"15132","brown"
"18638","brown"
"36461","brown"
"6144","brown"
"4432","brown"
"17713","brown"
"43734","brown"
"54213","brown"
"6500","brown"
"21401","brown"
"47844","brown"
"7448","brown"
"16728","brown"
"16506","brown"
"23507","brown"
"15941","brown"
"11523","brown"
"23363","brown"
"39198","brown"
"11841","brown"
"50448","brown"
"44177","brown"
"45126","brown"
"2885","brown"
"16289","yellow"
"2720","brown"
"32813","brown"
"26773","brown"
"23916","brown"
"47843","brown"
"7767","brown"
"10607","brown"
"37990","brown"
"52022","brown"
"47100","brown"
"362","brown"
"10780","brown"
"40023","brown"
"32060","brown"
"21810","brown"
"7024","brown"
"11261","brown"
"27498","yellow"
"20415","yellow"
"19659","brown"
"44227","brown"
"53821","brown"
"41738","brown"
"3802","brown"
"22496","turquoise"
"37879","brown"
"17642","brown"
"21521","brown"
"55008","brown"
"10188","brown"
"32676","yellow"
"52775","brown"
"6384","brown"
"45015","brown"
"4456","brown"
"53185","brown"
"39887","brown"
"53151","brown"
"22927","brown"
"40692","yellow"
"18554","brown"
"29170","brown"
"52512","brown"
"48013","brown"
"47111","brown"
"9050","brown"
"42999","brown"
"22401","yellow"
"8072","brown"
"44424","brown"
"34250","brown"
"54887","brown"
"42577","brown"
"35753","brown"
"54288","brown"
"4253","brown"
"9743","yellow"
"20953","blue"
"12914","brown"
"17984","brown"
"17027","brown"
"42560","brown"
"55668","brown"
"55095","brown"
"50299","brown"
"23326","brown"
"16042","brown"
"7869","yellow"
"28265","brown"
"1433","turquoise"
"35812","brown"
"48999","yellow"
"29111","yellow"
"28564","brown"
"46192","brown"
"16443","brown"
"36330","brown"
"44543","brown"
"48390","brown"
"43875","brown"
"14933","brown"
"41650","brown"
"18775","brown"
"55120","brown"
"31245","brown"
"30467","brown"
"43749","brown"
"33166","brown"
"35938","brown"
"13811","brown"
"19630","brown"
"2446","brown"
"22742","brown"
"52207","brown"
"1629","brown"
"50522","yellow"
"32844","brown"
"49270","brown"
"4840","brown"
"13227","brown"
"28129","brown"
"45545","brown"
"46607","brown"
"22259","brown"
"25168","yellow"
"47331","brown"
"387","brown"
"27795","brown"
"36351","brown"
"46588","brown"
"52923","brown"
"52697","brown"
"12257","brown"
"51962","brown"
"23057","brown"
"49083","brown"
"50080","brown"
"46731","brown"
"32351","brown"
"28867","brown"
"21255","brown"
"4691","brown"
"36616","brown"
"5496","brown"
"41096","brown"
"24144","brown"
"32144","brown"
"12785","brown"
"6858","brown"
"45763","brown"
"55828","yellow"
"21549","yellow"
"6916","brown"
"19256","brown"
"11527","brown"
"26015","brown"
"53144","brown"
"9664","brown"
"1539","brown"
"34297","brown"
"26715","brown"
"10141","brown"
"20802","brown"
"2449","brown"
"7682","brown"
"12437","brown"
"3622","brown"
"34679","brown"
"19228","brown"
"38364","brown"
"42541","brown"
"18746","brown"
"18025","brown"
"48934","brown"
"23986","brown"
"19913","brown"
"38663","yellow"
"55070","brown"
"29232","brown"
"34743","brown"
"32404","brown"
"44444","brown"
"7884","brown"
"32397","brown"
"7823","brown"
"4827","brown"
"40585","brown"
"16404","brown"
"41233","yellow"
"15561","brown"
"45034","brown"
"43870","brown"
"27683","brown"
"51339","brown"
"43031","brown"
"12647","brown"
"32994","brown"
"48595","brown"
"36672","brown"
"48324","brown"
"9304","brown"
"44525","brown"
"38861","yellow"
"47693","yellow"
"15471","brown"
"18925","brown"
"20623","brown"
"48339","brown"
"37118","brown"
"33349","brown"
"37397","brown"
"35913","brown"
"1301","brown"
"40182","brown"
"51119","brown"
"6382","blue"
"11372","brown"
"38947","brown"
"19749","yellow"
"55437","brown"
"7671","brown"
"8035","yellow"
"18564","brown"
"39514","brown"
"37326","brown"
"24453","brown"
"55469","brown"
"18503","brown"
"50237","brown"
"4053","brown"
"11618","brown"
"353","brown"
"32553","brown"
"29194","brown"
"40071","brown"
"40519","brown"
"12745","brown"
"41935","brown"
"15962","brown"
"44528","brown"
"30668","brown"
"46702","brown"
"1355","brown"
"8274","brown"
"4536","brown"
"13108","yellow"
"6093","brown"
"42823","brown"
"4189","brown"
"11899","brown"
"11730","brown"
"51950","brown"
"39009","brown"
"9893","brown"
"13298","brown"
"32409","brown"
"32850","brown"
"9031","brown"
"51972","brown"
"40496","brown"
"42371","brown"
"48666","yellow"
"50419","brown"
"38295","brown"
"35003","blue"
"37262","brown"
"39229","brown"
"55602","brown"
"14476","brown"
"11045","brown"
"3061","brown"
"17919","brown"
"36498","brown"
"8501","brown"
"23026","brown"
"45267","brown"
"45819","brown"
"52080","brown"
"34188","brown"
"17097","brown"
"18241","brown"
"29390","brown"
"36954","brown"
"45708","brown"
"4843","brown"
"39074","brown"
"31109","brown"
"37214","brown"
"26328","brown"
"24518","brown"
"53339","brown"
"13300","brown"
"365","brown"
"28073","brown"
"35181","brown"
"6576","brown"
"21044","brown"
"40427","brown"
"35686","brown"
"41340","brown"
"39192","brown"
"48895","brown"
"25622","yellow"
"42422","brown"
"55571","brown"
"10974","brown"
"45313","brown"
"32903","brown"
"53008","brown"
"48462","brown"
"46749","brown"
"35857","brown"
"47264","brown"
"22093","brown"
"9309","brown"
"22222","brown"
"54599","brown"
"52144","brown"
"24208","blue"
"11396","brown"
"49117","brown"
"49668","brown"
"24574","brown"
"15451","brown"
"46391","brown"
"54301","yellow"
"47175","yellow"
"19180","brown"
"7473","brown"
"41914","brown"
"43876","brown"
"3517","brown"
"37599","brown"
"48377","brown"
"164","brown"
"48417","brown"
"10045","brown"
"6957","brown"
"49462","brown"
"47848","brown"
"34134","brown"
"15629","brown"
"52277","brown"
"41118","brown"
"22811","blue"
"49953","brown"
"9782","brown"
"31033","brown"
"47431","blue"
"33431","brown"
"55262","brown"
"48786","yellow"
"44381","brown"
"42035","brown"
"19979","brown"
"39296","brown"
"37828","brown"
"39673","brown"
"38582","brown"
"3211","brown"
"18346","brown"
"15198","brown"
"48535","brown"
"3735","blue"
"24643","brown"
"14005","brown"
"38638","brown"
"9243","brown"
"14765","brown"
"15312","brown"
"53264","brown"
"7784","brown"
"39295","brown"
"13174","brown"
"35502","brown"
"51484","brown"
"35323","brown"
"55113","brown"
"199","brown"
"47068","brown"
"26977","brown"
"55093","brown"
"13674","brown"
"44216","brown"
"41133","brown"
"11316","brown"
"50521","brown"
"11999","brown"
"11436","brown"
"23561","brown"
"49401","brown"
"47599","brown"
"537","brown"
"22519","brown"
"16075","brown"
"37811","brown"
"1538","brown"
"49542","brown"
"41050","brown"
"50567","brown"
"55409","brown"
"55149","brown"
"31672","brown"
"51682","brown"
"27540","brown"
"33358","brown"
"30722","brown"
"25748","brown"
"7319","brown"
"25846","brown"
"54385","brown"
"51697","brown"
"11466","brown"
"46147","brown"
"23945","brown"
"55948","brown"
"849","brown"
"1959","brown"
"38500","brown"
"29189","brown"
"31447","brown"
"18219","brown"
"1823","brown"
"31972","brown"
"13415","brown"
"32402","brown"
"49677","brown"
"16359","brown"
"24056","brown"
"2079","turquoise"
"54292","brown"
"7917","brown"
"8680","brown"
"34725","brown"
"34052","brown"
"49792","brown"
"14524","brown"
"11953","brown"
"32358","brown"
"18929","brown"
"49723","brown"
"10663","brown"
"32315","brown"
"38170","brown"
"50550","brown"
"33479","brown"
"1058","brown"
"17307","brown"
"23941","yellow"
"31748","blue"
"54503","brown"
"10383","brown"
"46735","brown"
"38114","brown"
"38959","brown"
"40368","brown"
"43104","brown"
"55900","brown"
"23587","brown"
"39002","brown"
"19054","brown"
"34443","brown"
"51241","brown"
"48803","brown"
"35446","brown"
"30303","blue"
"47340","brown"
"27083","brown"
"35678","yellow"
"45805","brown"
"17115","brown"
"40242","brown"
"3647","brown"
"3776","brown"
"20346","brown"
"12872","brown"
"41618","brown"
"4688","brown"
"19322","brown"
"52818","brown"
"7345","brown"
"3540","brown"
"27855","brown"
"44725","brown"
"37150","yellow"
"49965","brown"
"34201","brown"
"32421","brown"
"33317","brown"
"29345","brown"
"20819","brown"
"3850","brown"
"53831","brown"
"49349","brown"
"37334","brown"
"32129","brown"
"5470","brown"
"45344","brown"
"26193","brown"
"25592","brown"
"43262","brown"
"34094","brown"
"36060","brown"
"54729","brown"
"8908","brown"
"22198","brown"
"1798","brown"
"43011","brown"
"52493","brown"
"50420","brown"
"19788","brown"
"45389","brown"
"15578","brown"
"32058","brown"
"55190","brown"
"11148","brown"
"15926","brown"
"39084","brown"
"50620","brown"
"18876","yellow"
"45671","brown"
"12740","brown"
"34657","brown"
"15820","yellow"
"47098","brown"
"22564","yellow"
"17013","brown"
"50402","brown"
"40826","brown"
"31873","brown"
"23640","brown"
"31425","brown"
"43827","brown"
"47448","brown"
"48234","brown"
"17108","brown"
"45184","brown"
"3195","brown"
"11350","brown"
"33808","brown"
"629","brown"
"22016","brown"
"19464","brown"
"28403","brown"
"23217","brown"
"5930","brown"
"25159","brown"
"20352","brown"
"1565","brown"
"42669","brown"
"6926","brown"
"33598","brown"
"30449","brown"
"48877","brown"
"21078","brown"
"20710","brown"
"10622","brown"
"38718","brown"
"33729","brown"
"54625","brown"
"40100","brown"
"54358","brown"
"13057","brown"
"11938","brown"
"54995","brown"
"21785","brown"
"15022","brown"
"28082","brown"
"3719","brown"
"49600","brown"
"11097","brown"
"2466","brown"
"30822","brown"
"25861","brown"
"5336","brown"
"9778","brown"
"54431","brown"
"53580","brown"
"14927","brown"
"930","brown"
"2191","brown"
"7564","yellow"
"51063","turquoise"
"25581","brown"
"17405","brown"
"39255","brown"
"44183","brown"
"31016","brown"
"17927","yellow"
"6236","brown"
"20485","yellow"
"8726","brown"
"54805","brown"
"22469","brown"
"36631","brown"
"21731","brown"
"34546","brown"
"44823","brown"
"20149","brown"
"35047","brown"
"38168","brown"
"51670","yellow"
"33363","brown"
"54880","brown"
"52400","brown"
"35873","brown"
"19888","brown"
"41956","brown"
"44628","brown"
"40712","brown"
"22250","brown"
"12768","brown"
"45341","brown"
"30153","yellow"
"8790","brown"
"25390","brown"
"50672","brown"
"9486","brown"
"41179","brown"
"41694","brown"
"47249","brown"
"22483","brown"
"9066","brown"
"42181","brown"
"31610","brown"
"27011","brown"
"1341","brown"
"40593","brown"
"1543","brown"
"32547","brown"
"45290","brown"
"40418","brown"
"26860","brown"
"27304","brown"
"13872","brown"
"34468","brown"
"50462","brown"
"36953","brown"
"23344","brown"
"26247","brown"
"54075","brown"
"48268","brown"
"37006","brown"
"2673","brown"
"12974","brown"
"19195","brown"
"11594","brown"
"24713","brown"
"24950","brown"
"55298","brown"
"26238","brown"
"42152","brown"
"11073","brown"
"24287","brown"
"50960","brown"
"22977","brown"
"4920","brown"
"43217","brown"
"39585","brown"
"2497","brown"
"53158","brown"
"11085","brown"
"14604","brown"
"15439","yellow"
"20854","brown"
"50686","brown"
"25082","yellow"
"37799","brown"
"51613","brown"
"2465","brown"
"19314","brown"
"35474","yellow"
"50230","brown"
"6442","brown"
"33557","brown"
"1088","brown"
"6700","brown"
"26137","brown"
"1717","brown"
"52909","brown"
"44169","brown"
"21494","brown"
"22925","brown"
"20206","brown"
"20753","brown"
"20803","brown"
"45546","brown"
"297","brown"
"28944","brown"
"17406","brown"
"24524","brown"
"17204","brown"
"52776","brown"
"43953","brown"
"26245","brown"
"23922","brown"
"48772","brown"
"14095","brown"
"30678","yellow"
"5546","brown"
"15651","yellow"
"12357","brown"
"33465","brown"
"5963","brown"
"49262","brown"
"37021","brown"
"42342","brown"
"26733","brown"
"25803","brown"
"18882","brown"
"39776","brown"
"24169","brown"
"36700","brown"
"51605","brown"
"36591","brown"
"8018","brown"
"46538","yellow"
"9477","brown"
"43266","yellow"
"27782","brown"
"48811","brown"
"40234","brown"
"37302","brown"
"22200","brown"
"43814","yellow"
"55319","brown"
"30876","brown"
"23395","brown"
"25364","yellow"
"51602","yellow"
"7583","brown"
"1455","brown"
"13848","brown"
"55294","brown"
"27460","brown"
"43255","blue"
"52286","brown"
"3726","brown"
"21320","brown"
"41736","brown"
"24555","brown"
"26324","brown"
"16423","brown"
"8888","brown"
"16873","brown"
"49793","blue"
"42817","brown"
"3941","yellow"
"13810","brown"
"821","brown"
"23779","brown"
"10052","brown"
"23367","brown"
"17607","brown"
"23440","brown"
"21959","brown"
"53156","brown"
"19","brown"
"2239","brown"
"8064","brown"
"14161","brown"
"22213","brown"
"16701","brown"
"48439","brown"
"53490","brown"
"5950","brown"
"54225","brown"
"54051","brown"
"40655","brown"
"3256","yellow"
"20978","brown"
"35340","brown"
"19414","brown"
"27459","brown"
"40916","brown"
"49612","brown"
"48942","brown"
"37814","yellow"
"39869","yellow"
"40243","brown"
"27082","brown"
"4570","brown"
"19702","brown"
"46288","yellow"
"41531","yellow"
"7469","brown"
"25997","brown"
"19412","brown"
"13132","brown"
"9591","brown"
"32953","brown"
"37794","brown"
"5401","brown"
"54529","brown"
"42270","brown"
"52621","brown"
"50477","brown"
"31491","brown"
"9515","brown"
"37376","brown"
"4804","brown"
"9658","brown"
"30089","brown"
"47477","brown"
"33147","brown"
"23912","brown"
"21040","brown"
"46371","turquoise"
"20827","brown"
"18408","brown"
"41686","brown"
"53058","yellow"
"1469","brown"
"29019","brown"
"31295","brown"
"21578","brown"
"43593","brown"
"30759","brown"
"13859","brown"
"52155","brown"
"1561","brown"
"53389","brown"
"39700","brown"
"10983","brown"
"47369","brown"
"51050","brown"
"15768","brown"
"15699","brown"
"35126","brown"
"9901","brown"
"18650","brown"
"55461","brown"
"18618","brown"
"5652","brown"
"24349","brown"
"48865","brown"
"18613","yellow"
"9648","brown"
"42127","brown"
"31764","yellow"
"39396","brown"
"47795","brown"
"11344","brown"
"5482","brown"
"13222","brown"
"34153","brown"
"30384","brown"
"40941","brown"
"41187","brown"
"34894","brown"
"53376","brown"
"11980","brown"
"2068","brown"
"30613","brown"
"19595","brown"
"20256","brown"
"13128","brown"
"18529","brown"
"21037","brown"
"6141","brown"
"32380","brown"
"25279","brown"
"14906","brown"
"35723","brown"
"11208","brown"
"51100","brown"
"33412","brown"
"3158","brown"
"15879","brown"
"21527","brown"
"25298","brown"
"6722","brown"
"48819","brown"
"36426","brown"
"31984","brown"
"42609","brown"
"32975","brown"
"7220","brown"
"27609","brown"
"42308","brown"
"17637","brown"
"48267","brown"
"17693","brown"
"2591","brown"
"25366","brown"
"33864","brown"
"12787","brown"
"28371","brown"
"36357","brown"
"52917","brown"
"42245","brown"
"43163","turquoise"
"29849","brown"
"48567","blue"
"43839","brown"
"47695","brown"
"2255","brown"
"43540","brown"
"48343","brown"
"13882","brown"
"6741","brown"
"55911","brown"
"39833","brown"
"6255","brown"
"12837","brown"
"16945","brown"
"5556","brown"
"15922","brown"
"48952","blue"
"33490","brown"
"47897","brown"
"10360","brown"
"33084","brown"
"27500","brown"
"36138","brown"
"15734","brown"
"36427","brown"
"45844","brown"
"642","brown"
"30782","brown"
"54712","brown"
"7356","brown"
"31156","brown"
"55155","brown"
"22655","brown"
"48954","turquoise"
"4889","brown"
"25529","brown"
"30416","brown"
"18489","brown"
"3067","brown"
"7654","brown"
"468","brown"
"30442","yellow"
"10698","brown"
"29605","brown"
"14240","brown"
"44960","brown"
"50506","brown"
"49933","brown"
"52534","brown"
"44924","brown"
"7343","brown"
"44559","brown"
"10217","brown"
"4449","brown"
"33606","brown"
"40263","brown"
"40220","brown"
"44785","brown"
"10917","brown"
"10429","brown"
"10154","brown"
"30265","brown"
"14561","brown"
"17873","brown"
"2496","yellow"
"41235","brown"
"6380","brown"
"5763","brown"
"50524","brown"
"27499","brown"
"8999","brown"
"28036","brown"
"11595","brown"
"2564","brown"
"29214","brown"
"39503","brown"
"44882","yellow"
"32211","brown"
"14277","brown"
"11456","brown"
"34736","brown"
"28697","brown"
"32476","brown"
"50145","brown"
"26564","brown"
"42924","yellow"
"25979","brown"
"47669","turquoise"
"42865","brown"
"38560","brown"
"38333","brown"
"13420","brown"
"26947","brown"
"45033","brown"
"47393","brown"
"35871","brown"
"47151","yellow"
"25143","brown"
"25940","brown"
"29818","brown"
"29348","brown"
"29005","brown"
"22644","brown"
"15263","brown"
"14873","blue"
"15504","brown"
"9295","brown"
"24107","brown"
"36448","brown"
"13032","brown"
"19024","brown"
"46720","brown"
"51693","brown"
"26711","brown"
"8105","brown"
"47223","blue"
"24954","yellow"
"33899","brown"
"8921","brown"
"40456","brown"
"14385","brown"
"6097","brown"
"4773","brown"
"41726","brown"
"36836","brown"
"36697","brown"
"38381","brown"
"28914","brown"
"50020","brown"
"12320","yellow"
"25830","brown"
"35570","brown"
"55980","brown"
"39280","yellow"
"5064","brown"
"28508","brown"
"46763","brown"
"55092","brown"
"1421","brown"
"30546","yellow"
"37640","brown"
"30360","brown"
"49742","brown"
"6213","yellow"
"15609","brown"
"4060","brown"
"18378","brown"
"18994","brown"
"32464","brown"
"36943","brown"
"10464","brown"
"638","brown"
"4270","yellow"
"15313","brown"
"29415","brown"
"4690","yellow"
"706","yellow"
"44244","brown"
"43543","brown"
"41573","brown"
"16020","brown"
"23173","brown"
"17003","brown"
"26740","brown"
"22472","brown"
"42767","brown"
"52140","brown"
"8940","brown"
"51444","brown"
"25189","brown"
"48761","brown"
"47726","brown"
"21062","brown"
"36293","brown"
"49354","brown"
"51385","brown"
"5068","brown"
"36399","brown"
"4939","brown"
"12204","yellow"
"36533","brown"
"37418","brown"
"13561","brown"
"48784","yellow"
"9367","brown"
"52201","brown"
"615","brown"
"30508","brown"
"2975","yellow"
"5737","brown"
"32327","brown"
"32607","brown"
"2503","brown"
"36490","brown"
"44646","brown"
"49886","brown"
"39630","brown"
"33831","brown"
"35379","brown"
"28276","brown"
"48881","brown"
"42948","brown"
"36930","brown"
"18102","blue"
"31060","yellow"
"22304","brown"
"5854","brown"
"50249","brown"
"31631","brown"
"35333","brown"
"9036","brown"
"52077","brown"
"13449","brown"
"33394","brown"
"7311","brown"
"36712","yellow"
"8507","brown"
"20006","brown"
"17386","brown"
"33073","brown"
"21689","brown"
"2805","brown"
"8550","yellow"
"39584","brown"
"23252","brown"
"42800","brown"
"26891","brown"
"33971","brown"
"16039","brown"
"13493","brown"
"34277","brown"
"26696","brown"
"42339","brown"
"39220","brown"
"34565","brown"
"4524","brown"
"4346","brown"
"26516","brown"
"6259","brown"
"7635","brown"
"7849","brown"
"31494","brown"
"50910","brown"
"51889","brown"
"41218","brown"
"7852","brown"
"14684","brown"
"54042","brown"
"38051","brown"
"47265","brown"
"53946","brown"
"52665","brown"
"52889","brown"
"19994","brown"
"28254","brown"
"54226","brown"
"53734","brown"
"5065","brown"
"28752","blue"
"46316","brown"
"507","brown"
"2695","brown"
"6877","brown"
"46872","brown"
"14625","brown"
"43368","turquoise"
"23002","brown"
"32245","brown"
"14751","brown"
"51829","brown"
"4068","brown"
"26714","brown"
"42551","brown"
"30997","brown"
"314","brown"
"49708","brown"
"26863","brown"
"8408","brown"
"4887","brown"
"28623","brown"
"39408","brown"
"10127","brown"
"27928","brown"
"15995","brown"
"16596","brown"
"23211","brown"
"19017","brown"
"27773","blue"
"32664","brown"
"18753","brown"
"25371","yellow"
"31240","brown"
"9182","brown"
"10132","brown"
"37536","brown"
"28910","brown"
"43411","brown"
"39141","turquoise"
"1231","brown"
"50505","brown"
"54351","brown"
"35552","brown"
"39515","brown"
"21396","brown"
"26929","brown"
"55863","brown"
"12223","brown"
"39997","brown"
"48257","brown"
"49391","brown"
"23521","brown"
"33916","brown"
"3598","brown"
"25180","brown"
"12241","brown"
"8065","brown"
"1144","brown"
"23009","brown"
"47376","brown"
"10739","brown"
"54841","brown"
"30196","brown"
"50209","yellow"
"19687","brown"
"46106","brown"
"50117","brown"
"12095","brown"
"49110","brown"
"53598","brown"
"53608","brown"
"50024","brown"
"5916","brown"
"4736","brown"
"13342","brown"
"31871","brown"
"9774","brown"
"598","brown"
"37825","brown"
"18290","brown"
"42269","brown"
"28696","brown"
"4985","brown"
"281","brown"
"36987","brown"
"31705","brown"
"14055","brown"
"10540","brown"
"54835","brown"
"50750","brown"
"30941","brown"
"22654","brown"
"1022","brown"
"27357","brown"
"21674","brown"
"14753","brown"
"30444","brown"
"16268","brown"
"10705","brown"
"54618","brown"
"49271","brown"
"17659","brown"
"44134","brown"
"9868","brown"
"55608","brown"
"22767","turquoise"
"13047","brown"
"7099","brown"
"24517","brown"
"47063","brown"
"16093","brown"
"44329","yellow"
"37052","brown"
"12759","brown"
"7431","brown"
"28188","brown"
"54823","brown"
"18898","brown"
"8439","brown"
"21920","brown"
"10193","brown"
"35877","brown"
"47047","brown"
"8164","blue"
"24547","brown"
"44479","brown"
"12222","brown"
"34314","brown"
"23821","brown"
"1222","brown"
"6196","brown"
"4915","brown"
"10299","brown"
"36273","brown"
"14437","brown"
"3687","brown"
"5033","brown"
"54326","brown"
"35282","brown"
"22866","brown"
"36914","brown"
"50265","brown"
"4355","brown"
"31462","brown"
"55768","brown"
"27452","brown"
"41881","brown"
"55657","brown"
"41958","brown"
"26271","brown"
"51224","brown"
"17941","brown"
"9217","brown"
"3771","brown"
"39468","brown"
"6893","yellow"
"31171","brown"
"16581","brown"
"29227","brown"
"4884","brown"
"3740","blue"
"22924","brown"
"42954","brown"
"42856","brown"
"39827","brown"
"46229","brown"
"36747","brown"
"24860","brown"
"24576","brown"
"8857","brown"
"25517","brown"
"46230","brown"
"44394","brown"
"51287","brown"
"7179","brown"
"23339","brown"
"26385","brown"
"16516","brown"
"52025","brown"
"29255","brown"
"38695","brown"
"51826","brown"
"47089","brown"
"23055","brown"
"54124","brown"
"40773","brown"
"46918","brown"
"31755","brown"
"23328","brown"
"30615","brown"
"19574","brown"
"23514","brown"
"43518","brown"
"10708","brown"
"39664","brown"
"19981","brown"
"41680","brown"
"12568","brown"
"39160","brown"
"18519","brown"
"25250","brown"
"31538","brown"
"33584","brown"
"28808","brown"
"14176","brown"
"16021","brown"
"37662","brown"
"3057","brown"
"49831","brown"
"21391","brown"
"12203","brown"
"42989","brown"
"760","brown"
"19712","brown"
"51113","brown"
"49226","brown"
"19019","brown"
"19577","brown"
"18708","brown"
"42758","brown"
"26996","brown"
"36875","brown"
"24489","brown"
"39733","brown"
"15860","brown"
"50466","brown"
"55627","brown"
"48602","brown"
"20203","brown"
"30618","brown"
"23170","yellow"
"37364","brown"
"21179","brown"
"25001","brown"
"22133","brown"
"51226","brown"
"36581","brown"
"9073","brown"
"54760","brown"
"54440","brown"
"35378","brown"
"35802","brown"
"45408","brown"
"25800","brown"
"42877","brown"
"21457","brown"
"32732","brown"
"48115","brown"
"15110","brown"
"6725","brown"
"22137","brown"
"21744","brown"
"8016","brown"
"22415","brown"
"25568","brown"
"8682","brown"
"48114","brown"
"16847","brown"
"5315","brown"
"32529","brown"
"5676","brown"
"12597","brown"
"50217","brown"
"41486","yellow"
"27105","brown"
"1016","brown"
"26930","brown"
"55103","brown"
"17704","brown"
"16597","yellow"
"24167","brown"
"22591","brown"
"45511","brown"
"5008","brown"
"40542","brown"
"17044","brown"
"32268","brown"
"12162","brown"
"34703","brown"
"2751","brown"
"17169","brown"
"45746","brown"
"28868","brown"
"12418","yellow"
"53373","brown"
"31395","brown"
"46908","brown"
"36311","brown"
"51994","brown"
"20482","brown"
"9148","brown"
"23399","brown"
"1897","brown"
"22214","brown"
"29305","brown"
"40842","brown"
"4107","brown"
"6992","brown"
"14099","brown"
"18681","brown"
"14996","brown"
"25966","brown"
"51255","blue"
"39908","brown"
"38414","brown"
"1490","brown"
"36018","brown"
"16820","brown"
"40647","brown"
"10457","brown"
"47938","brown"
"55417","brown"
"31551","brown"
"38903","brown"
"53894","brown"
"54811","brown"
"18139","brown"
"44731","brown"
"23200","brown"
"23402","brown"
"11867","brown"
"54094","blue"
"1375","brown"
"27857","brown"
"994","brown"
"40530","brown"
"32806","brown"
"23237","brown"
"4241","brown"
"12877","brown"
"53076","brown"
"6453","brown"
"27176","brown"
"6787","brown"
"49233","blue"
"53375","brown"
"966","brown"
"31540","brown"
"30889","brown"
"38395","brown"
"35346","brown"
"9574","brown"
"55698","brown"
"3976","brown"
"39216","yellow"
"37783","blue"
"14212","brown"
"47820","brown"
"36350","brown"
"37608","brown"
"19433","brown"
"28568","brown"
"15111","brown"
"27329","brown"
"45054","brown"
"39863","blue"
"38101","brown"
"50005","brown"
"40389","brown"
"24925","brown"
"40533","brown"
"51217","brown"
"16523","brown"
"45318","brown"
"52336","brown"
"37559","brown"
"16394","yellow"
"20070","brown"
"43445","brown"
"589","brown"
"45979","brown"
"27968","brown"
"35501","yellow"
"28960","brown"
"37870","brown"
"17912","brown"
"828","brown"
"44962","brown"
"12795","brown"
"3738","brown"
"48021","brown"
"19257","brown"
"33433","brown"
"29351","brown"
"43504","brown"
"33004","brown"
"39116","brown"
"10202","brown"
"45802","brown"
"7832","brown"
"10556","brown"
"12764","brown"
"50141","brown"
"13725","brown"
"41703","turquoise"
"25392","brown"
"27361","brown"
"274","brown"
"33772","brown"
"26081","brown"
"34364","brown"
"8692","brown"
"32893","brown"
"18156","brown"
"6138","brown"
"483","brown"
"29335","brown"
"10291","brown"
"45680","brown"
"43931","brown"
"32406","brown"
"55642","brown"
"17197","brown"
"55071","brown"
"22384","brown"
"54759","brown"
"6536","brown"
"33188","brown"
"45376","brown"
"28472","brown"
"38325","brown"
"13365","brown"
"32218","brown"
"18420","brown"
"47768","brown"
"55753","brown"
"48271","brown"
"54076","brown"
"52419","brown"
"530","brown"
"2999","brown"
"48400","brown"
"9021","brown"
"15958","brown"
"9000","brown"
"41214","brown"
"39639","brown"
"17220","brown"
"37481","yellow"
"18197","brown"
"32275","brown"
"41195","brown"
"9146","turquoise"
"5180","brown"
"26231","yellow"
"22677","brown"
"8996","brown"
"53436","brown"
"7287","brown"
"41024","brown"
"35973","brown"
"36532","brown"
"55574","brown"
"33593","brown"
"46484","brown"
"29486","brown"
"25090","brown"
"35389","brown"
"21878","brown"
"34154","brown"
"55736","brown"
"32111","brown"
"41942","brown"
"51586","yellow"
"14901","brown"
"20820","brown"
"6012","brown"
"21022","brown"
"36193","brown"
"4221","brown"
"31345","brown"
"9680","brown"
"9567","brown"
"30899","brown"
"19466","brown"
"11488","brown"
"4625","brown"
"7931","brown"
"27811","brown"
"54644","yellow"
"66","brown"
"12337","brown"
"50727","brown"
"393","brown"
"24688","brown"
"12723","brown"
"38843","brown"
"36141","brown"
"9976","brown"
"49870","brown"
"50142","brown"
"42171","yellow"
"24009","brown"
"42497","yellow"
"29507","brown"
"45196","brown"
"30507","brown"
"47753","brown"
"44733","brown"
"17885","brown"
"5035","brown"
"10209","brown"
"14963","brown"
"16593","brown"
"29235","brown"
"35243","brown"
"24235","brown"
"51424","brown"
"6815","brown"
"10551","brown"
"41074","brown"
"37583","brown"
"20694","turquoise"
"32908","brown"
"54984","brown"
"4451","brown"
"30726","brown"
"10134","brown"
"41002","brown"
"40038","brown"
"26004","brown"
"957","brown"
"25831","brown"
"42102","yellow"
"32105","brown"
"28364","brown"
"2842","brown"
"21882","brown"
"37488","brown"
"50175","brown"
"21834","brown"
"3326","brown"
"27167","brown"
"27373","brown"
"54860","brown"
"37363","brown"
"17583","brown"
"12668","brown"
"18536","brown"
"26215","brown"
"38225","brown"
"48977","brown"
"55504","brown"
"54315","brown"
"49564","brown"
"32339","yellow"
"10592","brown"
"28668","brown"
"48024","brown"
"23092","brown"
"7375","brown"
"47847","brown"
"54598","brown"
"33228","brown"
"26923","brown"
"18630","brown"
"340","brown"
"2732","brown"
"31305","brown"
"3703","brown"
"44178","brown"
"14215","brown"
"46552","brown"
"51433","brown"
"33763","brown"
"16395","brown"
"46705","brown"
"39275","brown"
"31410","brown"
"41757","brown"
"3582","brown"
"40963","brown"
"48880","brown"
"25458","brown"
"33508","brown"
"41725","yellow"
"41021","brown"
"24411","brown"
"31562","brown"
"54566","brown"
"23942","brown"
"12687","brown"
"42898","brown"
"2928","brown"
"6408","brown"
"50001","brown"
"25273","brown"
"50921","brown"
"29407","brown"
"11193","brown"
"47515","brown"
"3077","brown"
"26330","brown"
"9721","brown"
"50036","brown"
"54109","brown"
"20536","brown"
"53546","brown"
"55090","brown"
"22069","brown"
"41878","brown"
"50182","brown"
"54920","brown"
"6711","brown"
"15826","brown"
"37533","brown"
"11121","brown"
"12467","brown"
"6273","brown"
"53516","brown"
"45622","brown"
"49863","brown"
"21534","brown"
"41530","brown"
"16485","brown"
"417","brown"
"53682","brown"
"46493","brown"
"15989","brown"
"28823","brown"
"23537","brown"
"14278","brown"
"42625","blue"
"44641","brown"
"50100","brown"
"47132","brown"
"24972","brown"
"52275","brown"
"37267","brown"
"1840","brown"
"10502","brown"
"8148","brown"
"5953","yellow"
"3159","brown"
"27196","brown"
"19292","brown"
"9441","blue"
"6234","blue"
"31273","blue"
"43917","brown"
"18418","brown"
"36261","brown"
"38793","brown"
"53087","brown"
"50444","blue"
"5364","brown"
"49252","brown"
"24829","brown"
"11452","brown"
"43309","brown"
"10318","brown"
"8307","brown"
"44977","brown"
"17371","turquoise"
"35230","brown"
"42949","brown"
"1786","brown"
"16505","brown"
"54772","brown"
"10358","blue"
"32638","brown"
"25106","brown"
"36272","brown"
"19733","brown"
"13355","brown"
"9460","brown"
"14244","brown"
"52992","brown"
"31468","brown"
"6192","brown"
"23940","yellow"
"6701","brown"
"34091","brown"
"15616","brown"
"19810","brown"
"673","brown"
"29125","blue"
"47634","brown"
"37951","brown"
"44344","brown"
"38442","brown"
"15352","blue"
"54249","brown"
"32168","brown"
"50321","brown"
"38453","brown"
"11322","brown"
"2786","brown"
"51578","brown"
"3835","brown"
"23997","blue"
"48011","brown"
"22990","brown"
"12843","brown"
"32834","brown"
"6280","yellow"
"1181","brown"
"5413","brown"
"7305","brown"
"14869","brown"
"30417","brown"
"47836","brown"
"28222","brown"
"53344","brown"
"20751","brown"
"28799","brown"
"8441","brown"
"21584","brown"
"6527","brown"
"7102","brown"
"79","brown"
"37755","brown"
"4328","brown"
"3149","brown"
"11510","brown"
"3662","brown"
"42677","brown"
"30937","brown"
"40698","blue"
"33429","brown"
"6374","brown"
"40500","brown"
"11806","brown"
"48196","blue"
"24004","brown"
"31608","brown"
"7392","brown"
"5095","brown"
"26070","brown"
"54665","brown"
"51800","blue"
"27344","brown"
"45991","brown"
"23147","brown"
"22501","brown"
"41376","brown"
"6582","brown"
"45595","brown"
"52820","brown"
"21322","brown"
"6110","brown"
"30235","brown"
"1272","brown"
"9616","brown"
"50882","brown"
"23947","brown"
"373","brown"
"35418","brown"
"19565","brown"
"40317","brown"
"27979","brown"
"16548","brown"
"53413","brown"
"10933","brown"
"48873","brown"
"34058","brown"
"24089","brown"
